PS_PARTKEY,PS_SUPPKEY,PS_AVAILQTY,PS_SUPPLYCOST,PS_COMMENT
1,2,3325,771.64,", even theodolites. regular, final theodolites eat after the carefully pending foxes. furiously regular deposits sleep slyly. carefully bold realms above the ironic dependencies haggle careful"
1,27,8076,993.49,"ven ideas. quickly even packages print. pending multipliers must have to are fluff"
1,52,3956,337.09,"after the fluffily ironic deposits? blithely special dependencies integrate furiously even excuses. blithely silent theodolites could have to haggle pending, express requests; fu"
1,77,4069,357.84,"al, regular dependencies serve carefully after the quickly final pinto beans. furiously even deposits sleep quickly final, silent pinto beans. fluffily reg"
2,3,8895,378.49,"nic accounts. final accounts sleep furiously about the ironic, bold packages. regular, regular accounts"
2,28,4969,915.27,"ptotes. quickly pending dependencies integrate furiously. fluffily ironic ideas impress blithely above the express accounts. furiously even epitaphs need to wak"
2,53,8539,438.37,"blithely bold ideas. furiously stealthy packages sleep fluffily. slyly special deposits snooze furiously carefully regular accounts. regular deposits according to the accounts nag carefully slyl"
2,78,3025,306.39,"olites. deposits wake carefully. even, express requests cajole. carefully regular ex"
3,4,4651,920.92,"ilent foxes affix furiously quickly unusual requests. even packages across the carefully even theodolites nag above the sp"
3,29,4093,498.13,"ending dependencies haggle fluffily. regular deposits boost quickly carefully regular requests. deposits affix furiously around the pinto beans. ironic, unusual platelets across the p"
3,54,3917,645.4,"of the blithely regular theodolites. final theodolites haggle blithely carefully unusual ideas. blithely even f"
3,79,9942,191.92," unusual, ironic foxes according to the ideas detect furiously alongside of the even, express requests. blithely regular the"
4,5,1339,113.97," carefully unusual ideas. packages use slyly. blithely final pinto beans cajole along the furiously express requests. regular orbits haggle carefully. care"
4,30,6377,591.18,"ly final courts haggle carefully regular accounts. carefully regular accounts could integrate slyly. slyly express packages about the accounts wake slyly"
4,55,2694,51.37,"g, regular deposits: quick instructions run across the carefully ironic theodolites-- final dependencies haggle into the dependencies. f"
4,80,2480,444.37,"requests sleep quickly regular accounts. theodolites detect. carefully final depths w"
5,6,3735,255.88,"arefully even requests. ironic requests cajole carefully even dolphin"
5,31,9653,50.52,"y stealthy deposits. furiously final pinto beans wake furiou"
5,56,1329,219.83,"iously regular deposits wake deposits. pending pinto beans promise ironic dependencies. even, regular pinto beans integrate"
5,81,6925,537.98,"sits. quickly fluffy packages wake quickly beyond the blithely regular requests. pending requests cajole among the final pinto beans. carefully busy theodolites affix quickly stealthily "
6,7,8851,130.72,"usly final packages. slyly ironic accounts poach across the even, sly requests. carefully pending request"
6,32,1627,424.25," quick packages. ironic deposits print. furiously silent platelets across the carefully final requests are slyly along the furiously even instructi"
6,57,3336,642.13,"final instructions. courts wake packages. blithely unusual realms along the multipliers nag "
6,82,6451,175.32," accounts alongside of the slyly even accounts wake carefully final instructions-- ruthless platelets wake carefully ideas. even deposits are quickly final,"
7,8,7454,763.98,"y express tithes haggle furiously even foxes. furiously ironic deposits sleep toward the furiously unusual"
7,33,2770,149.66,"hould have to nag after the blithely final asymptotes. fluffily spe"
7,58,3377,68.77,"usly against the daring asymptotes. slyly regular platelets sleep quickly blithely regular deposits. boldly regular deposits wake blithely ironic accounts"
7,83,9460,299.58,". furiously final ideas hinder slyly among the ironic, final packages. blithely ironic dependencies cajole pending requests: blithely even packa"
8,9,6834,249.63,"lly ironic accounts solve express, unusual theodolites. special packages use quickly. quickly fin"
8,34,396,957.34,"r accounts. furiously pending dolphins use even, regular platelets. final"
8,59,9845,220.62,"s against the fluffily special packages snooze slyly slyly regular p"
8,84,8126,916.91,"final accounts around the blithely special asymptotes wake carefully beyond the bold dugouts. regular ideas haggle furiously after"
9,10,7054,84.2,"ts boost. evenly regular packages haggle after the quickly careful accounts. "
9,35,7542,811.84,"ate after the final pinto beans. express requests cajole express packages. carefully bold ideas haggle furiously. blithely express accounts eat carefully among the evenly busy accounts. carefully un"
9,60,9583,381.31,"d foxes. final, even braids sleep slyly slyly regular ideas. unusual ideas above"
9,85,3063,291.84," the blithely ironic instructions. blithely express theodolites nag furiously. carefully bold requests shall have to use slyly pending requests. carefully regular instr"
10,11,2952,996.12," bold foxes wake quickly even, final asymptotes. blithely even depe"
10,36,3335,673.27,"s theodolites haggle according to the fluffily unusual instructions. silent realms nag carefully ironic theodolites. furiously unusual instructions would detect fu"
10,61,5691,164,"r, silent instructions sleep slyly regular pinto beans. furiously unusual gifts use. silently ironic theodolites cajole final deposits! express dugouts are furiously. packages sleep "
10,86,841,374.02,"refully above the ironic packages. quickly regular packages haggle foxes. blithely ironic deposits a"
11,12,4540,709.87,"thely across the blithely unusual requests. slyly regular instructions wake slyly ironic theodolites. requests haggle blithely above the blithely brave p"
11,37,4729,894.9,"ters wake. sometimes bold packages cajole sometimes blithely final instructions. carefully ironic foxes after the furiously unusual foxes cajole carefully acr"
11,62,3708,818.74,"inal accounts nag quickly slyly special frays; bold, final theodolites play slyly after the furiously pending packages. f"
11,87,3213,471.98,"nusual, regular requests use carefully. slyly final packages haggle quickly. slyly express packages impress blithely across the blithely regular ideas. regular depe"
12,13,3610,659.73,"jole bold theodolites. final packages haggle! carefully regular deposits play furiously among the special ideas. quickly ironic packages detect quickly carefully final"
12,38,7606,332.81,"luffily regular courts engage carefully special realms. regular accounts across the blithely special pinto beans use carefully at the silent request"
12,63,824,337.06,"es are unusual deposits. fluffily even deposits across the blithely final theodolites doubt across the unusual accounts. regular, "
12,88,5454,901.7,"s across the carefully regular courts haggle fluffily among the even theodolites. blithely final platelets x-ray even ideas. fluffily express pinto beans sleep slyly. carefully even a"
13,14,612,169.44,"s. furiously even asymptotes use slyly blithely express foxes. pending courts integrate blithely among the ironic requests! blithely pending deposits integrate slyly furiously final packa"
13,39,7268,862.7,"s sleep slyly packages. final theodolites to the express packages haggle quic"
13,64,864,38.64,"s after the slyly pending instructions haggle even, express requests. permanently regular pinto beans are. slyly pending req"
13,89,9736,327.18,"tect after the express instructions. furiously silent ideas sleep blithely special ideas. attainments sleep furiously. carefully bold requests ab"
14,15,5278,650.07,"e quickly among the furiously ironic accounts. special, final sheaves against the"
14,40,5334,889.5,"ss dependencies are furiously silent excuses. blithely ironic pinto beans affix quickly according to the slyly ironic asymptotes. final packag"
14,65,3676,893.39,"sits are according to the fluffily silent asymptotes. final ideas are slyly above the regular instructions. furiousl"
14,90,4947,310.13," final deposits boost slyly regular packages; carefully pending theodolites "
15,16,7047,835.7,"blithely quick requests sleep carefully fluffily regular pinto beans. ironic pinto beans around the slyly regular foxe"
15,41,3336,784.55,"slyly. fluffily bold accounts cajole furiously. furiously regular dependencies wak"
15,66,3316,265.89,"e express instructions. ironic requests haggle fluffily along the carefully even packages. furiously final acco"
15,91,5255,458.67,"refully bold instructions among the silent grouches must boost against the express deposits:"
16,17,5282,709.16,"lithely ironic theodolites should have to are furiously-- "
16,42,9412,887.53,"ly special accounts wake. fluffily bold ideas believe blith"
16,67,854,781.91," unusual excuses. requests after the carefully regular pinto "
16,92,1491,918.51,"unts cajole furiously across the fluffily pending instructions. slyly special accounts could have to boost b"
17,18,8555,995.35,"are furiously final accounts. carefully unusual accounts snooze across the requests. carefully special dolphins"
17,43,7737,648.75,"e blithely express accounts. foxes kindle slyly unusual dinos. quickly special f"
17,68,3123,555.04,"ly bold accounts. regular packages use silently. quickly unusual sentiments around the quickly ironic theodolites haggle furiously pending requests. care"
17,93,3203,64.4,"bold packages nag fluffily after the regular accounts. furiously ironic asymptotes sleep quickly enticing pinto beans. carefully pending accounts use about the "
18,19,1125,664.17,". ironic, regular accounts across the furiously express "
18,44,8132,52.44," final packages wake quickly across the blithely ironic instructions. regular pains integrate slyly across the deposits. carefully regular pinto beans among the close"
18,69,3133,568.61,"riously bold accounts. packages boost daringly. blithely regular requests cajole. regular foxes wake carefully final accounts. blithely unusual excuses det"
18,94,6475,386.29,". furiously regular accounts cajole slyly across the pending"
19,20,1416,144.8,"o beans. even packages nag boldly according to the bold, special deposits. ironic packages after the pinto beans nag above the quickly ironic requests. bl"
19,45,5467,405.7,"nstructions use furiously. fluffily regular excuses wake. slyly special grouches are carefully regular Tiresias. regular requests use about the quickly furio"
19,70,8800,635.66,"sual requests sleep carefully. deposits cajole carefully over the regular, regular requests. quickly unusual asymptotes use some"
19,95,1340,346.92," requests. final, pending realms use carefully; slyly dogged foxes impress fluffily above the blithely regular deposits. ironic, regular courts wake carefully. bold requests impress"
20,21,2927,675.54,"s, ironic deposits haggle across the quickly bold asymptotes. express, ironic pinto beans wake carefully enticingly special foxes. requests are at the c"
20,46,2723,305.84,"nal, bold frets cajole slyly regular, unusual platelets. slyly permanent deposits wake carefully carefully silent accounts. even, even requests wake quickly. furiously pending packages are"
20,71,5905,546.66,"ing deposits use furiously. ironically final pinto bea"
20,96,4271,115.89,"xcuses wake at the deposits. regular pinto beans nag slyly fluffi"
21,22,6571,944.44,"ing instructions impress bold foxes. ironic pinto beans use. thinly even asymptotes cajole ironic packages. quickly ironic pinto beans detect slyly regular deposits. ruthlessly even deposits are. sl"
21,47,1704,139.05,"posits cajole; quickly even requests sleep furiously. ironic theodolites sleep pending, express instructions. stealthily even platelets cajole carefully after the final, ironic p"
21,72,7153,664.5,"blithely enticing instructions use alongside of the carefully thin deposits. blithely bold requests are fluffily"
21,97,367,584.86,"ong the even theodolites. pending, pending accounts sleep-- courts boost quickly at the accounts. quickly fin"
22,23,4410,786.18,"even accounts. final excuses try to sleep regular, even packages. carefully express dolphins cajole; furiously special pinto bea"
22,48,9779,635.84,"l instructions cajole across the blithely special deposits. blithely pending accounts use thinly slyly final requests. instructions haggle. pinto beans sleep along the slyly pen"
22,73,7834,359.16,"sits wake fluffily carefully stealthy accounts. furiously ironic requests x-ray fluffily alongside of the pending asymptotes. slyly silent packages use along the instructions. fu"
22,98,1434,597.21,"ix across the blithely express packages. carefully regular pinto beans boost across the special, pending d"
23,24,2739,460.12,"platelets against the furiously bold Tiresias dazzle quickly into the special, bold courts. silent, regular instructions wake blithely ironic multipliers. ideas"
23,49,5739,103.13," theodolites need to nag blithely final notornis. slyly idle packages cajole after the furiously stealthy packages. slyly regular accounts use furiously. carefully final accounts affix "
23,74,9898,233.94,"l, express packages wake permanently. quickly even deposits sleep quickly slyly silent id"
23,99,7035,51.75,"xcuses; decoys wake after the pending packages. final instructions are furi"
24,25,5180,905.41,"heodolites above the ironic requests poach fluffily carefully unusual pinto beans. even packages acc"
24,50,2227,511.2,", silent packages boost around the instructions. special requests sleep slyly against the slyly regular deposits. final, final accounts haggle fluffily among the final requests. regular "
24,75,7182,582.03," the final, ironic asymptotes. regular requests nag instead of the carefully unusual asymptotes. furiously pending attainments among the slyly final packages boost after th"
24,100,5318,62.15," careful requests cajole blithely realms. special asymptotes sleep. pinto beans sleep carefully furiously ironic packages. furiously "
25,26,9029,832.74,"fully fluffily regular frets. sometimes even requests after the requests wake slyly at the quickly ruthless requests. a"
25,51,9062,928.96,"he foxes. final, final accounts sleep. boldly ironic excuses thrash quick"
25,76,9946,694.35,"ld, ironic requests. furiously special packages cajole furiously enticing instructions."
25,1,7340,746.59,"dly final packages haggle blithely according to the pending packages. slyly regula"
26,27,5020,683.96,"es. fluffily express deposits kindle slyly accounts. slyly ironic requests wake blithely bold ideas"
26,52,6577,892.2,"riously pending pinto beans. furiously express instructions detect slyly according to the b"
26,77,3499,382.11,"imes even pinto beans among the busily ironic accounts doubt blithely quickly final courts. furiously fluffy packages despite the carefully even plate"
26,2,9702,821.89," behind the blithely regular courts impress after the silent sheaves. bravely final ideas haggle "
27,28,2111,444.01,"the even, ironic deposits. theodolites along the ironic, final dolphins cajole slyly quickly bold asymptotes. furiously regular theodolites integrate furiously furiously bold requests. carefully"
27,53,9080,157.03,"ole express, final requests. carefully regular packages lose about the regular pinto beans. blithely re"
27,78,3407,151.34,"ironic theodolites are by the furiously bold ideas. ironic requests shall have to sublate final packages. furiously quick foxes alongside of the express, special deposits was boldly according "
27,3,4283,348.61,"ound the final foxes detect furiously across the even warhorses. quickly t"
28,29,6643,204.86,"y ironic deposits above the slyly final deposits sleep furiously above the final deposits. quickly even i"
28,54,2452,744.57,"ully regular theodolites haggle about the blithely pending packages. carefully ironic sentiments use quickly around the blithely silent requests. slyly ironic frays bo"
28,79,302,690.3,"uickly unusual requests alongside of the final courts integrate slyly "
28,4,9988,666.53,"beans haggle carefully around the slyly ironic acco"
29,30,3506,799.27,"leep fluffily according to the quietly regular requests: accounts integrate carefully bold foxes. carefully silent"
29,55,8106,981.33,"the ironic, bold asymptotes! blithely regular packages hang furiously above the dependencies. blithely permanent dependencies are furiously furiously ironic acco"
29,80,9193,734.44,"ly unusual packages. foxes cajole. theodolites nag"
29,5,6252,186.21,"thely carefully even packages. even, final packages cajole after the quickly bold accounts. fluffily quick accounts in place of the theodolites doze slyly f"
30,31,4767,989.05,"ts. slyly final pinto beans cajole ironic accounts. blithely final accounts use among the request"
30,56,535,743.26,"sual instructions wake carefully blithely even hockey playe"
30,81,7756,568.86," special foxes across the dependencies cajole quickly against the slyly express packages! furiously unusual pinto beans boost blithely ironic Tir"
30,6,7945,583.84," sleep. bold, regular deposits hang doggedly furiously bold requests. slyly bold excuses detect busily above the even gifts. blithely express courts are carefully. blithely final packages until th"
31,32,9685,620.84,"he blithely regular ideas. blithely unusual requests haggle fluffily. platelets"
31,57,1951,120.99,"refully regular pinto beans. ironic requests integrate furiously since the quickly ruthless platelets. quickly ironic attainments ha"
31,82,1402,761.64,"r platelets nag blithely regular deposits. ironic, bold requests "
31,7,137,849.11,"blithely ironic accounts. slyly ironic asymptotes sleep ironic, even accounts. regular accounts thrash quickly"
32,33,2203,406.03,"es? slyly enticing dugouts haggle carefully. regular packages alongside of the asymptotes are carefull"
32,58,467,109.34,"ainst the unusual braids nod fluffily packages. regular packages nod among the slyly express"
32,83,7975,747.14,"final foxes boost furiously pending packages. quickly regular depths promise blithely accoun"
32,8,7938,856.09,"s integrate according to the even dependencies. carefully regular reque"
33,34,4028,891.46,", pending requests affix slyly. slyly ironic deposits wake accounts. express accounts sleep slowly. ironic, express accounts run carefully fluffily final dependencies. furiously unusual ideas"
33,59,4410,929.05," packages sleep carefully. slyly final instructions boost. slyly even requests among the carefully pending platelets wake along the final accounts. quickly expre"
33,84,1287,310.76,"dolites above the slyly express deposits try to haggle blithely special gifts. blithely ironic reque"
51,77,7318,85.03,"al foxes. carefully ironic accounts detect carefully-- slyly even accounts use. furiously final platelets shall haggle sometimes after the blithely regu"
51,2,138,728.95,"requests according to the carefully unusual deposits promise slyly ironic packages. slyly ironic dependencies are accordin"
51,27,8062,901.04,"le ruthlessly furiously slow requests. fluffily slow depende"
52,53,6533,54.92,"efully. slyly special deposits haggle along the quick deposits. slyly pending requests use quickly packages. final, final dolphins doubt according to the quickly unusual excuses"
52,78,1937,210.44,"s. never even asymptotes nag carefully! regularly unusual foxes along the unusual requests haggle accounts. fluffily express pinto "
52,3,4084,628.53," deposits wake slyly pending asymptotes. ironic asymptotes haggle. blithely ironic requests are qui"
52,28,5524,424.93,"cial, ironic packages. even dolphins boost. slyly final deposits integrate. final sheaves along the silent excuses use at the slyly close foxes; bold accounts are finally even packages. ironi"
53,54,6443,192.78,"carefully ironic accounts. blithely bold deposits detect furiously against the flu"
53,79,5319,563.44,"ly. fluffily final pearls boost carefully. special sauternes nod furiously even instructions. carefully regular dependencies across the slyly regular deposits"
53,4,8200,388.08,"fully requests. furiously final accounts cajole express, regular pearls. special deposits wake fluffily express accounts. quic"
76,77,6754,494.83,"gular accounts solve. ironic deposits sleep slyly even packages. slyly pending accounts detect slyly express accounts. ironic forges can play furiously carefully express fox"
76,2,2009,108.97,"n packages. blithely even accounts sleep carefully furiously ironic accounts. carefully express requests"
81,32,2942,409.73,"accounts boost. fluffily unusual requests cajole fluffily slyly ironic requests. foxes cajole quick"
100,76,9688,22,"uctions according to the carefully ironic deposits haggle carefully express ideas? packages across the quickly final requests c"
101,54,6324,786.53,"olites sleep quickly. slyly ironic theodolites affix. furiously bold accounts integrate among the pinto beans. final ideas hang slyly along the quickly regular packages. instructions cajole."
123,76,2692,217.01,"he ironic accounts nag fluffily after the bold, pending theodolites. blithely final ideas sleep carefully according to the blithely ironic foxes. regular requests are. furiousl"
125,4,5546,806.66," to the unusual courts are deposits! final, final pinto beans solve slyly. ironic accounts boost fluffily. furiously pending d"
148,1,5393,264.09,"ses. slyly pending packages haggle fluffily fluffily even instructions. fluffily regular packages are carefully about the furiously even asymptot"
149,76,7283,201.03,"usly bold instructions. regular, final deposits alongside of the furiously ironic platelets are slyly even instructions. carefully bold accounts are. ironic, regular requests nag furious"
157,84,763,568.46,"cial packages boost along the ideas. packages sleep slyly express packages. ironic, bold requests"
168,69,347,394.83,"hely blithely final theodolites. blithely final deposits among the quickly even ideas haggle about the blithely bold d"
174,1,6795,143.48,"regular theodolites. special accounts integrate across the carefully ironic Tiresias. blithely even platelets detect. foxes about t"
175,76,5515,487.68,"ages sleep against the Tiresias. slyly pending packages print slyly above the evenly ironic dolphins. furiously ironic packages use f"
182,61,6146,365,"s. blithely express theodolites sleep blithely alongside of the requests?"
200,1,3120,776.41,"ntly final packages kindle furiously blithely ironic accounts. carefully final packages according to the carefully "
200,79,331,466.07," slyly even requests. fluffily final packages boost carefully express instructions. slyly regular forges are blithely unusual, regular "
204,86,1238,819.14,"e slyly quickly permanent accounts; slyly bold requests sleep express requests-- final excuses snooze above the fl"
220,75,6654,322.05,"the furiously final packages. accounts haggle blithely. requests use furiously. furiously ironic deposits sleep across the carefully final foxes. ironic asymptotes "
225,7,2137,276.11,"ways special packages. ironic pearls around the furiously even packages are ac"
228,10,6694,133.3,"ven requests poach furiously along the furiously express packages. furiously even requests dazzle slyly. blithely special foxes are carefully blithely even accounts. regular, unusual dolphins hag"
233,15,3009,767.62,"ses. ironic ideas use fluffily. fluffily fluffy accounts boost furiously. ironic packages cajole carefully bli"
245,100,9116,79.54,"asymptotes sleep closely regular pinto beans. regular, final accounts use blithely between the express requests. carefully regular asymptotes cajole carefully blithel"
247,75,9811,479.85,"nically about the carefully unusual requests. fluffily regular packages haggle carefully dugouts. furiously final re"
272,100,2196,938.89," across the quickly even packages. final requests boost boldly? even deposits cajole in place of the quickly quiet accounts. slyly regular ideas haggle ironic ideas. slyly iro"
274,75,9773,406.79,"jole blithely evenly regular theodolites. fluffily regular pinto beans according to the ironic accounts wake carefully furiously regular excuses-- packages nag. "
299,100,4365,438.8,"odolites. carefully regular packages solve against the furiously bold excuses: deposits w"
300,82,2714,339.22," carefully regular deposits. evenly silent pinto beans integrate. even, regular packages are furiously against the even requests. fluffily special asymptotes across the slyly"
317,74,5004,732.48,"sly even ideas. carefully bold dependencies nag blit"
325,10,7915,521.61,"r the furiously even asymptotes. bravely bold packages boost furiously. bold theodolites sleep. slyly ironic requests wake fluffily among the even, en"
342,99,6128,105.32,"ckly bold accounts. slyly pending deposits wake af"
345,74,7767,667.42,"ly blithe requests detect furiously. furiously express packages lose alongside of the final platelets. regular requests use pending, i"
349,78,253,957.16," courts. carefully quick requests cajole busily even, unusual ideas. furiously final pinto beans cajole slyly along the ironic"
370,99,4006,892.4,"egular courts nod quickly above the fluffily pending accounts. fluffily sly dolphins haggle furiously slyly bold accoun"
373,74,6598,249.47,"c, close accounts sleep furiously above the pending dependencies. furiously silent accounts integrate bold, regular deposits. express accounts among the blithely even excuses wa"
375,76,2822,475.83,"packages. quickly unusual deposits kindle alongside of the carefully bold packages. furiously regular foxes use carefully slyly final accounts. final requests according"
398,99,4636,539.63,"ctions. blithely final dependencies doze furiously along the blithely even ideas. slyly final excuses wake slyly against the final, special excuses. final foxes wake slyly ex"
400,85,4648,40.65,"ke quickly. carefully ironic accounts serve. regular pinto beans haggle after the carefully ironic packages. regular accounts might be"
414,73,5558,490.14,"r instructions. quickly unusual packages wake instead of the carefully even requests. slyly silent packa"
425,13,9573,659.22," ironic, regular deposits. slyly special theodolites haggle fluffily ironic packages. q"
439,98,7746,513.91,"s. slyly final theodolites haggle carefully. unusual, ironic foxes "
443,73,7419,33.49,"kages poach with the ideas. furiously regular inst"
468,98,4819,793.23,"s. carefully express packages lose regular foxes. slyly blithe packages det"
472,73,2771,422.91,"al excuses above the furiously bold theodolites wake carefully across the never final platelets: slyly regular asymptotes haggle furiously slyl"
485,44,5676,626.94,"y around the carefully even theodolites! slyly bold requests integrate. blithely regular d"
494,95,5007,153.49,"e after the accounts-- finally bold pinto beans cajole quietly. furiously ironic instructions cajole along the slyly final requests. furiously unusual "
497,98,5708,152.41,"yly fluffily final courts. furiously ironic deposits are according to the packages. foxes sublate furiously blithely silent theodolites! unusual pinto beans arou"
498,28,6199,948.63,"ar instructions against the carefully even foxes cajole unusual asymptotes. carefully furious packages about the furiously silent packages sleep careful"
500,88,5853,30.89," across the evenly even theodolites. blithely bold dugouts are blithely alongside of the furiously silent foxes. pending instructions sleep even"
511,72,1439,371.24,"hang blithely special packages. fluffily ironic requests integrate carefully. even requests are. blithel"
512,13,3546,131.59,"tes sleep. final, regular foxes nag blithely since the accounts. instructions engage fluffily above the quickly pending accounts. slyly ironic platelets use "
513,44,9502,565.61,"instructions nag quickly blithely brave ideas. deposits will have to sleep slyly express deposits. idly even instructions between the furiously even dependencies dazzle blithely alongs"
525,16,2166,908.34,"t after the regular packages. quickly final dependencies haggle c"
536,97,352,143.93," blithely express depths cajole quickly. quickly even instructions are quickly. "
541,72,1654,725.12,"osits. blithely ironic platelets wake furiously. pending deposits hang blithely over the bold, ironic deposits. furiously regular deposits cajole quickly. "
541,32,9694,304.47,"ly even pinto beans. carefully final packages according"
546,7,2872,135,"f the blithely even excuses: ironic packages nag blithely. furiously express dolphins could have to s"
571,72,4070,346.05,"ests. furiously regular deposits alongside of the furiously ruthless packages cajole slyly close theodolites? express, ironic de"
598,59,666,86.81,"posits wake. slyly express pinto beans sleep around the slyly express decoys! furiously quiet requests wake. even, unu"
600,91,7681,290.95,"ole carefully express, express accounts. final patterns affix unusual, e"
608,71,6686,808.36,"riously. special, final deposits according to the slyly close asymptotes breach slyly up the ideas. blithely regular dependencies affix carefully according to the slyly regular dolphins. ironic depe"
623,17,2613,340.23,"pinto beans boost quickly. slyly express foxes alongside of the slyly bold hockey players wake furiously bold requests. regular,"
639,71,7011,645.13,"ependencies nag slyly. carefully special packages across the ideas nag carefully about the carefully ironic accounts. ironic packages sleep furiously around the sil"
659,60,4689,661.65,"requests. furiously ironic instructions integrate blithely unusual, ironic accounts. slyly bold forges haggle slyly;"
666,29,1000,96.36,"h slyly among the quickly even epitaphs. regular, even dependencies nod. carefully silent foxes cajole. final requests unwind carefully carefully even deposits. ironic acc"
670,71,6190,937.71,"al theodolites. unusual, even excuses wake blithely. furiously express requests affix after the final accounts. regular, unusual realms wake ironic, bold accounts. even asymptotes"
683,77,5735,493.37,"ag along the pinto beans. furiously final deposits nag carefully slyly regular instructions. blithely ironic depos"
688,89,3292,53.28,"ash around the carefully even foxes. slyly silent requests haggle. furiously express deposits believe furiously. ironic, unusual dependencies i"
698,92,4011,518.88,"haggle quickly at the quickly bold dolphins; carefully bold accounts p"
700,94,4633,149.16,"s against the regular excuses sleep above the furiously silent foxes. unusual, ironic theodolites wake unusual packages. excuses within "
705,70,1087,30.49,"ses wake carefully ironic accounts. stealthily regular excuses haggle carefully. fluffy accounts according to the fluffi"
736,1,7431,694.25,"y alongside of the warhorses. carefully regular packages wake special escapades. furiou"
737,70,4834,72.02,"refully. final foxes about the ironic accounts are quickly re"
739,36,6488,456.44,"ns. instructions haggle carefully above the fluffily bold excuses. requests cajole furiously"
769,70,7177,519.39,"accounts. brave deposits are. blithely furious requests are. regular accounts kindle. foxes haggle blithely slyly"
800,97,8994,450.34,"ions use carefully along the final asymptotes. blithely unusual package"
802,69,9514,248.21,"ng packages. pending packages eat even, even requests"
822,23,6760,349.11," final dolphins wake fluffily ironically even accounts. carefully final instructions sleep carefully requests-- specia"
835,69,9638,629.13,"ly according to the fluffily ironic packages. ironic excuses are quietly between the pending requests. blithely regular packages cajole fl"
841,41,3292,169,"y packages. furiously unusual requests are blithely among the ironic, silent packages. accounts haggle fluffily. slyly final instructions are slyly deposits. special accoun"
861,61,6664,473.19,"requests. ironic, express pains haggle quickly along the ironic theodolites. carefull"
868,69,4076,81.76," against the furiously even packages. platelets dazzle. quickly r"
873,73,5564,713.93,"sts wake busily furiously bold accounts. blithely even theodolites wake after the carefully unusual ideas. carefully silent pearls affix furiously above the slyly ir"
879,79,1669,160.62,"es according to the fluffily bold dugouts eat even, bus"
885,85,9596,398.71,"theodolites haggle across the ironic accounts. furiously furious instructions cajole. pending, regular dugouts nod furiously. slyly expr"
900,100,2030,803.67,"o the blithely pending ideas. carefully bold deposits wake. even instructions haggle carefully slyly brave requests. special, regular dugouts nag fluffily express accounts. ironic, un"
909,10,4672,788,". carefully bold foxes wake furiously. special pinto beans according to the quick, bold packages wake slyly among"
931,34,5583,270.51," deposits affix quickly about the special orbits. slyly final instructions nag furiously. carefully ironic warhorses use fluffily carefully fin"
933,68,2578,359.92,"ag blithely at the blithely final asymptotes. quickly bold foxes are. blithely sly platelets haggle. requests wake bold, even requests. furiously ironic theodolites sleep. regular asymptote"
936,5,1285,119.88,"after the quickly unusual packages. carefully regular deposits cajole after the blithely final courts. bold, ironic deposits"
962,97,1025,825.97,"express deposits. blithely even theodolites are. blithely bold decoys along"
967,68,6700,207.27,"nstructions nag quickly regular, ironic instructions. fluffily ironic instructions doubt. bl"
969,70,7599,884.25,"cial requests doubt unusual, ruthless foxes. slyly regular reque"
991,94,651,499.4,"ep. pending requests wake slyly express deposits. quickly ironic requests detect. blithely dogged platelets u"
993,28,35,40.94,"ress requests nag regular, pending deposits. ironically pending requests are after the final theodolites; "
998,33,6629,628.72,"ial platelets. slyly special packages nag blithely. quickly busy patterns sleep. slyly close dolphin"
999,68,5162,681.89,"r packages use. even deposits integrate. requests on the even, unusual accounts sleep slyly ironic theodolites. finally pending courts play furiously slyly thin id"
1000,3,1547,248.8,"riously ironic ideas dazzle above the furiously regular deposits. regular, special foxes across the even foxes wake "
1004,5,2101,16.82,"uriously regular asymptotes cajole. daringly final Tiresias detect blithely dogged hockey play"
1010,46,4669,121.4,"special attainments beyond the blithely stealthy excuses are carefully among the fluffily pending pinto beans; unusual packages along the slyly even accounts are furiously fluffily"
1024,30,8182,576.69,"yly express theodolites. deposits hinder during the unusual, silent theodolites. carefully unusual packages are: deposits boost quickly. ruthless"
1026,27,2474,473.62,"he slyly unusual requests boost unusual, regular pinto beans. blithely enticing dependencies are slyly pack"
1031,67,8165,485.52,"he blithely final accounts shall have to cajole according to the ironic ideas. furiously ironic instructions against the bold somas kindle carefully alongside of the slyly final "
1039,10,5523,271.83,"ccounts use quickly slyly special theodolites. slyly special foxes are above the regular, special pinto beans:"
1040,11,1209,9.3,"kages. slyly unusual accounts about the theodolites are quickly up the p"
1066,67,2392,121.59,"y above the carefully bold requests. even packages boost slyly carefully regu"
1085,86,9437,692.71,"e the slyly dogged instructions! regular, final pinto beans unwind. sly"
1092,98,1295,467.78,"deposits. special instructions cajole furiously among the furious packages. daring courts"
1096,67,8697,181.03,"ronic packages sleep blithely after the final foxes. quickly ironic dependencie"
1100,6,9710,915.56,"forges sleep slyly special instructions. quickly regular packages sleep along the p"
1129,66,2721,43.75,"counts haggle fluffily about the instructions. ironic pinto beans ove"
1165,66,4909,884.59,"efully regular ideas. ironic packages cajole slyly. carefully bold somas nag q"
1193,66,4281,153.81,"ring instructions sleep blithely among the fluffily r"
1200,1,594,349.26,"asymptotes sleep fluffily furiously final courts. carefully bold packages cajole blithely special ideas. p"
1200,9,4719,140.23,"ep. furiously even packages detect. even deposits cajole furiously slyly express dependencies. blithely daring packages among the ironic pinto beans cajole fluffily against the car"
1205,80,5076,508.78,"g theodolites boost past the fluffily express requests. regular sheaves after the deposits dazzle quietly along the silently regular theodolites. blithely regul"
1227,65,5330,681.12,"furiously pinto beans. furiously regular deposits haggle blithely. furiously regular theodolites about the close, silent accounts haggle slowly"
1236,37,4522,396.42,"xpress pinto beans. deposits after the furiously final deposits wake quickly quickly final instructions. carefully final dinos integrate slyly."
1249,61,9183,847.33,"refully final packages kindle dependencies. blithely final requests grow blithely bold sheaves. slyly brave pinto beans boost. blithely silent deposits nag. carefully final foxes use always alo"
1263,64,2585,378.16,". slow, pending pinto beans haggle carefully along the furiously regular inst"
1264,65,6836,707.87,"p carefully. silent accounts across the daring accounts wake blithely across the slyly bold instructions. quickly express requests at the finally furious pi"
1267,68,7991,654.75,"lly busy foxes use slyly. carefully express accounts haggle slyly special platelets. instructions sleep blithely. blithely unusual excuses nag furiously. unusual ideas wake. furiou"
1290,65,5833,422.03," platelets are above the regular deposits. blithely pending pinto beans are express, regular deposits. care"
1295,70,8833,595.05," platelets. furiously ironic ideas nag blithely bold deposits. blithely ironic accounts wake blithely requests. even accounts against the speci"
1300,12,9814,259.16,"usly. furiously regular theodolites affix. requests c"
1325,26,3236,6.06,"theodolites boost quickly after the carefully ruthless ideas. sl"
1325,64,8495,218.83,", unusual deposits are furiously across the furiously regular foxes. blithely i"
1326,27,1061,112.99,"es about the regular, regular accounts hang idly even deposits; quiet, unusual deposits detect slyly quickly fluffy deposits. theod"
1343,58,9218,406.38,"r theodolites after the fluffily even packages haggle carefully carefully express dolphins. final, pending platelets wake fluffily unusual, ironic instructions. unusual"
1348,87,6267,960.49," instructions sleep silently above the furiously even platelets. warhorses wake furiously enticingly bold package"
1363,64,3056,289.61,"e of the furiously regular foxes try to dazzle carefully grouches: sl"
1368,45,737,72.52,"ronic instructions nag foxes. special notornis wake slyly among the furiously silent foxes. carefully ironic requests affix"
1387,64,9205,880.6," slyly regular instructions haggle unusual, even deposits. "
1400,15,2210,741.73,"s packages run blithely according to the deposits. fluffily special deposits after the unusual accounts wake bli"
1415,94,7064,479.84,"s. fluffily bold packages wake blithely throughout the fluffily ironic ideas. regular gifts wake. furiously special instruct"
1423,63,8518,327.62,"ges. quickly ironic instructions haggle stealthily above the blithely "
1452,53,5432,640.8,"y even foxes. furiously final ideas cajole carefully. ideas across the blithely even packages wake slyly at the accounts. final, regular theodolites across the ex"
1460,100,9832,959.33,"sits sleep carefully quickly final theodolites. express foxes cajole furiously alongside of the ironic, bold deposits. carefully ironic epitaphs are closely above the ex"
1462,63,5841,674.16,"ual theodolites cajole slyly furiously ironic deposits. carefully regular warthogs detect "
1482,83,7141,44.13,"eans wake quickly ironic pinto beans. furiously bold accounts haggle fl"
1483,1,6740,408.28,"oss the carefully regular packages haggle from the slyly even dolphins. blithely regular pinto beans are. slyly bold packages use furiously final,"
1484,63,3417,924.24,"ymptotes haggle slyly unusual pinto beans. slyly final accounts sleep ironic, regular accounts. bold, ironic requests around the furiously bold pinto beans haggl"
1500,18,5097,365.99,"s haggle furiously blithely special pinto beans. slyly even theodolites along the furiously even requests are slyly fluffily final frets. deposits haggle fluffily."
1503,24,5454,143.64,"pending requests cajole at the pending deposits. regular, ironic theodolit"
1507,88,8336,51.77,"unts. slyly express ideas sleep slyly slyly ironic dolphins. pinto beans sublate carefully. carefully express pinto beans cajole furiously. ironic, even excuse"
1521,62,3383,256.07," boost. quickly final deposits hang slyly. slyly final requests haggle across the carefully regular pearls. furiously unusual instructions haggle carefully furious"
1537,78,8905,671.69,"l requests. furiously final accounts alongside of the regular accounts "
1561,62,4050,916.48,"uriously quick platelets sleep ironic, pending packages. furiousl"
1581,62,7770,870.03,"ing to the final, bold theodolites sleep blithely ironic, express accounts. furiously even asymptotes wake quickly final a"
1600,21,874,324.34,"ifts integrate above the final ideas. fluffily express pinto beans hag"
1607,90,1762,147.32,"uickly carefully unusual frets. ironically silent requests cajole about the special, final instructions. regular, regular de"
1619,61,7539,276.05,"gouts wake slyly for the slyly pending requests. express, special waters along the slyly even theodolites are furiously above the furiously regular packages. blithely ruthle"
1639,63,1941,746.98,"ronic requests cajole furiously special, final depths. bold accounts after the unusual excuses cajole always above the fluffily final excuses: blithely fi"
1640,41,9150,199.23,"al, regular foxes. even, express attainments cajole bravely along the carefully s"
1660,61,2177,610.09,"ackages. busy platelets alongside of the fluffily even theodolites cajole instructions. fluffi"
1665,89,5628,735.2,"ffily even packages according to the regular packages affix blithely carefully final deposits. even, pending excuses wake carefully ironic asymptot"
1673,15,6747,570.37,"totes. final, final theodolites according to the express packages haggle unusual foxes! pinto beans sleep among the ac"
1678,61,3578,139.65,"ular Tiresias. final realms sleep furiously among the blithely b"
1685,68,6368,162.61,"unts. furiously final requests sleep carefully above the slyly final requests"
1700,24,3420,629.82,"blithely even theodolites. slyly regular theodolites haggle furiously express instructions. blithely ironic instructions pr"
1717,60,939,797.93,"the ironic pinto beans nag furiously pending requests. regular acc"
1724,51,5366,166.49,"its lose quickly regular requests. bold accounts against the bravely even requests use blithely atop th"
1728,29,584,586.82,"lithely quickly bold deposits. slyly ironic ideas across the furiously pending foxes cajole carefully carefully special deposits. regular platelets haggle special, ironic ideas. silent packag"
1759,60,5656,405.75,"olites detect. even accounts sleep slyly. slyly regular ideas sleep. ironic theodolites doze furiously. fluffily even grouches boost after the pending, ironic theodolites. idly regula"
1775,60,835,52.88,"the regular excuses sleep quickly alongside of the unusual, regular foxes. slyly bold packages nag blithely stealthily ironic wa"
1800,27,6086,539.84,"ans. furiously bold ideas wake across the furiously quick ideas: unusual, pending platelets cajo"
1815,59,9731,458.85,"platelets wake above the blithely busy dependencies. carefully special excuses"
1828,29,2911,690.04,"le even dependencies. unusual, regular accounts haggle carefully ideas. ideas are furiously regular packag"
1839,26,5798,433.5," final accounts. slyly regular theodolites use. slyly pending accounts across the platelets haggle slyly about the blith"
1844,88,6605,685.75,"sual pinto beans. pending ideas use furiously regular platelets. carefully even theodolites before the furiously final accounts run along the furiously even ideas. furiously r"
1858,59,109,657.14,"ven packages cajole furiously after the enticingly special instructions. even accounts are blithely furiously unusual pinto be"
1860,90,8702,675.85,"ccounts. special packages print. unusual pinto beans cajole slyly regular accounts. furiously pending deposits along the final packages boost carefully according to th"
1872,59,8482,353.57,"special pinto beans. slyly special hockey players haggle around the carefully final packages. pinto beans"
1900,30,6955,188.88,"iously regular theodolites. carefully express requests sleep quickly. even, pending ideas cajole carefu"
1906,39,1821,386.55," blithely regular deposits about the even packages wake carefully about the ideas. slyly ironic instructions across the carefully even ideas are quickly even foxes. blithely even"
1908,53,5074,870.7,"efully alongside of the even, silent pinto beans. quickly special requests"
1913,58,3074,225.45,"uriously according to the quickly regular packages. final dolphins shall have to haggle carefully-- blithely ironic packag"
1913,46,4808,838.71," requests wake furiously regular pinto beans. carefully furious deposits engage fluffily carefully special packages. slyly regular deposits mold above the slyly even pinto beans. fluffily silent ide"
1957,58,4082,585.85,"fter the thinly regular deposits. furiously regular excuses wake furiously along the furiously final foxes. quickly final orbits haggle slyly. care"
1961,94,1964,886.65,"lithely ironic ideas. furiously silent instructions detect furiously carefully ironic requests. regular deposits sleep busily. ironically regular req"
1969,58,5139,786.41,"around the packages. furiously regular pinto beans wake slyly furiously pending deposits. slyly specia"
1992,93,2726,123.29,"s theodolites are slyly slyly even deposits. fluffily"
